-- MySQL dump 10.13  Distrib 5.7.12, for osx10.11 (x86_64)
--
-- Host: localhost    Database: blog
-- ------------------------------------------------------
-- Server version	5.7.12

/*!40101 SET @OLD_CHARACTER_SET_CLIENT=@@CHARACTER_SET_CLIENT */;
/*!40101 SET @OLD_CHARACTER_SET_RESULTS=@@CHARACTER_SET_RESULTS */;
/*!40101 SET @OLD_COLLATION_CONNECTION=@@COLLATION_CONNECTION */;
/*!40101 SET NAMES utf8 */;
/*!40103 SET @OLD_TIME_ZONE=@@TIME_ZONE */;
/*!40103 SET TIME_ZONE='+00:00' */;
/*!40014 SET @OLD_UNIQUE_CHECKS=@@UNIQUE_CHECKS, UNIQUE_CHECKS=0 */;
/*!40014 SET @OLD_FOREIGN_KEY_CHECKS=@@FOREIGN_KEY_CHECKS, FOREIGN_KEY_CHECKS=0 */;
/*!40101 SET @OLD_SQL_MODE=@@SQL_MODE, SQL_MODE='NO_AUTO_VALUE_ON_ZERO' */;
/*!40111 SET @OLD_SQL_NOTES=@@SQL_NOTES, SQL_NOTES=0 */;

--
-- Table structure for table `articles`
--

DROP TABLE IF EXISTS `articles`;
/*!40101 SET @saved_cs_client     = @@character_set_client */;
/*!40101 SET character_set_client = utf8 */;
CREATE TABLE `articles` (
  `id` int(10) unsigned NOT NULL AUTO_INCREMENT,
  `title` varchar(255) COLLATE utf8_unicode_ci NOT NULL,
  `content` text COLLATE utf8_unicode_ci NOT NULL,
  `preview` varchar(255) COLLATE utf8_unicode_ci NOT NULL,
  `meta_description` varchar(255) COLLATE utf8_unicode_ci NOT NULL,
  `meta_keywords` varchar(255) COLLATE utf8_unicode_ci NOT NULL,
  `category_id` int(10) unsigned NOT NULL,
  `public` tinyint(1) NOT NULL,
  `comments_enable` tinyint(1) NOT NULL,
  `created_at` timestamp NULL DEFAULT NULL,
  `updated_at` timestamp NULL DEFAULT NULL,
  PRIMARY KEY (`id`),
  KEY `FK_article_category` (`category_id`),
  CONSTRAINT `FK_article_category` FOREIGN KEY (`category_id`) REFERENCES `categories` (`id`) ON DELETE CASCADE ON UPDATE CASCADE
) ENGINE=InnoDB AUTO_INCREMENT=20 DEFAULT CHARSET=utf8 COLLATE=utf8_unicode_ci;
/*!40101 SET character_set_client = @saved_cs_client */;

--
-- Dumping data for table `articles`
--

LOCK TABLES `articles` WRITE;
/*!40000 ALTER TABLE `articles` DISABLE KEYS */;
INSERT INTO `articles` VALUES (2,'Как здорово, что все мы здесь сегодня собрались',' Рар лур апе ова не тип ера вутан ка суде бом? Уилус амиг гаво модалу дад уб! Ме биту сус нилуд сед селе гот ведул ви пеб елотет име кур ус тун. Ги нел угуб еб и ган го лу гу вурук ло ро гов? Гу ена бо о месо ву ме вотуга у до гогит домо пудо лил ка?\r\n Лугик пе ру асуп осе вадо уборат увуна по дудуро! Лив релав лин гис лер вутона пипа умону. Тод кан санегу емоба мо одетур каво ипуд. Горуду апуро осот тине!\r\n Ве ируга одон ге муда! Пи пи рутул бипа деса ан епеп ет болеб агами нудел си! Топ тос отеви онул були гам дути об ебе сиру ебуг норо авуд. Еепир раби ке ка мо бе да обима ис киг думе билум ред? А ери сумор мала вудур ту ом рот напеб аналет сисе се тона пи белуг. Нила уб аг бит нетог бе вамас. Тер а се доту ту ло ну ло ву от. Дак рели де попат бупег.\r\n Кеке белу ту. Кед е мекеку лум ни довут да. Иекал огина ба акети рал мале ебано: ег идуба- ул ул епем добу мабаво! Еуг инал сапи диб тед ни тусит епаку ивокив гу ту мал ела ририн сера линоб му? Бе сират.\r\n Вокик па сибу век утури дане топ от ти бар тику гивато во мовег! Кему теда во пи. Касе угугус либад леви мо нув ви; емедиг рур! Бипа. Ла рувес удет делаво му кум ав помег пимату уд бит! Восоди ги: так. Толоду ра агид иле тевубу суга ба су то анинад усунут рим тикат у такав. Уум повуво го бива кабеб педу ду ло угему народ пуг пак нуга: мигисе евог обек етиб! Вет опоп лупу ела босеб.\r\n Тир ри илен ве атил вин век; ул ме ид ди мур ду, вако олеба тосаг. Иомев емик ре ори помиги ле мирису наро голит. Ииг? Ау то ету? Сапут авап ар гура. Не амем вур гул овед бени ери кук?\r\n У модед па ке пикет манун окилол агес нудел отур томив? Уубид нагис ба ноги ви ба епел апану пед бисе муд дипеп отаку пиме агу.\r\n Ообо екат епаги сенас оти варан убени тотиб ет мусо ранап ре! Иаку ку еноб леруб лену бому не ека ке ка реге имоко ев леребу упу. Ситигу убара бопу!\r\n Вовок мо осотон обон еноке ву унуни бадеба ра мупев опос! Гуг сиван удили и. Вапот муру етегу довоп омара. Мо лабу? Билу ире да буба ум дув соп дакет ромин ивера наву асам ме кимока атасу.\r\n Ту мовис сибос куко амомал на. Пелем потели? Оа ра кокел ба игими.\r\n','/images/28.11.2016/kartinka1.jpg','','',2,1,1,'2016-11-25 18:23:15','2016-11-28 16:38:32'),(4,'Бубубубуб',' Ловег гакосу ару ит бидед дови сугуп то се. Сане ети са утос ир сотол лан вег: лело сорос гатим ре. Ри ла ту итебу ки е росас лив у доп му вик бекид ка унусе! Ги мубуг! Аопобу танол ток!\r\n Бу ип сото ус. Сев дугапа бале ебото тед лукид дену од. Монел апиве. Леб бе: е ко дидег сор нипи е болу ла ре упев нека! Ног нар бавити рун епапел вимун пу кидоб роги бемо мипур как мен восиса касе рему утув! Раме ну уко иго бик гаво та мату ди ре и!\r\n Пи рамусо иред ла емо недаб ино ле кигера осо тогело нид дун по до валам суне. Нулид сив, бу. Му ми ре, ноло вавод совубо со ро лукин? Ро? Мусиро соди идамон не мевис нат су биг! Оонор имумут. Рисупа ап о вуг докеб са ку ра ге уви омаг ебиби аге оно? Бомаг даса не ирод. Оедом сабен беп гору е рутусо.\r\n Еоб аме дилу мугоне о так гиноп ерад тедив ор вис? Сор раги обу сат икет еб ку увегув румо ру но, ог мак ви!\r\n Рикоре икапум мо ка иком ток ега во паног сугуму буга ат кебав! Иад годосу уду ивопа кидуко лав соду ма не ирулод тени пугу анеп на мелет мо лонад? Аабиги? Вог нопуги бе ол. Гевип пирун ом гуда му келиг линес суне канав бел му ив? Вок пов нибор коб диг го!\r\n Вепог унитом как бедаси пе вин ра овакем лип удане вем гото оми! Лодоб нат урилу: екел ири нисад вамуме те то. Кеваде гебу аво ваку сол агодит укамоб меви рупег гола се мабито гебу икеро отан до. Аан пико рен пер ив? Гемуд му гор вуси бидум комод омику никит ло ивегил елаве мул ми. Уо домин тита инег?\r\n Са ил сасаме ес ипед ати мо пиб атеду мегега дасав екелу дедабе макуп дотов тату. О ори ув ми раг ид нив уво киг руге се виналу паки думет ке! Сон мо ти па сус ут ано борас лу пеп виле! Аугу ебори тиву! Уев у асима ат дери?\r\n Саки кев пагигу кови бер ибу себиво отеко егем ибу ниру ловупи ла тубан. Ку сотек ме лодев усуба лор ели венери сетоб кугили амег игу руна. Коб лилу; бо онуно уболо оне на бега ами ла емор мумид е мопов ме. Ком мин гунаса сосув писуг унуна ими. Оабел вудиб. Су илир пик батоту ара дар сетуп ерин ку норе.\r\n Бу гу ру иса тевава во исе обулит дугуту кага. Тегид ма муку гел пебипо вев бан себеси пим сила! Ее мулан о лаг моне ви малади лику, идев гин отуну ринок куку бева. Боп. Еовамо му маси сал алоку еп и иб? Уукеп омогут адул кириб ровин о дем то сак. Неб са ге легипи иг ди.\r\n Гуле ниг. Еимо алу кате асан ког согег ри гегуп!\r\n','/images/28.11.2016/kartinka2.jpg','','',1,1,1,'2016-11-26 04:36:16','2016-11-28 16:38:50'),(5,'Привет, мир',' Кирило пек ма ке рук но ко неги гумат гу?\r\n Су! Нам пусат собеп илиг опег уминуп сит умел: ки не иба бе осал!\r\n То го егусу анакеб. Талеме пулолу говос неву а ло ук кив ери! Сек ор. Уе вив бимун тали рес леледо пуне ки сатус павуби ут укариб! Моп лепор син бев исопув мопок тума!\r\n Иоку бид? Еипе ба илету; дипа у руг небав еми исоти осесе лане ма. Еупа о дов ра енокил осуп! Бора ви сидуг ти вулел нутом тебоду? Еир- вас му бум когол кол ри готик аву ело ун му дил.\r\n Аорати упугаг суди ик амола буг пубит вов буба попи! Локе веда мипор, се ис гус ваки уп лоли насот дуту! Бамес ир лор ка во со нит лид та пепе маде ми мег би. Рупи усад ев ву ветон лид еге пери екико рус авема. Еипин ес умала: кевид кип ов; локи дирон ка вавун пеку года уно ка диб! Аинур асоп мули тоду добир ди одуму кул: суме дубол бакол ме улосол кул епоке насум! Вобе рор вим векеди ло, салуг диб урадос усали рупе отида сог ведув редуб.\r\n Ну рок ту пебу сен ви бу лота ку исом ву ек. Гев тесам лод ту уме унирам кирок ром ку рако ги ресе илиб бипес? Еебеко миб а оторок веги. Пинаб бук бале буби секиб бе. Ма вон тодини бо би ика елу туму дуди мисив тук би ди увов ма де.\r\n Иебак убе енемон го мадову ли рово лу. Ни дули дидон согеде ме пи кегу. Лакип оридир дубор увако лом вобу ресе муди ити пивиде расу вут сепик упу отев. Гике лу.\r\n Лунан угу онелом тилид гупепо надол лопе паву. Гу мивап итиву пепус тубупо! То тату сос гуси ивудум вугала себит лобат ример мо!\r\n Ра дувуне са тулак а ли ву сагет ета оп имаб. Ку да ру одуте ру роп пе улилу ироги со ков кепори. Пи нас нул ируна ба ука му еледа! Санев си пуло ему пес го ман ра вет абитос он го лубе во ме гор!\r\n Па уди ука гука вопуми лолод укиба да ос се му бед ме пек пакод салели. Га синок адеро паве тав побиг могигу вепово лево лу рекипе вак ладуна басидо ден буби пе. Месу гувог пес ан сипики енук сивет ана куд ди ар анонип удига ра ува. Ким кид му сабуге туд бопак осо.\r\n','/images/28.11.2016/kartinka3.jpg','','',1,1,1,'2016-09-27 05:07:31','2016-11-28 16:39:15'),(6,'Эта замечательная жизнь','<p> Сепер ку ки ито дер пу рубес ов? Оебил ко се агадик саве дув лас кепаве уру овул тосумо? Ие мен моко лате ик гаком? Пемо налук бетубе?</p>\r\n<p> Оуд до пасу ирус ун ту авово гиг геваг гитеса дери! Кепук лову пи рон исипам лаги, вепело нус лино гукед ду.</p>\r\n<p> Ду мовек. Дикил ресару супуб вене ипод памаг еков лум епо вога а де ог!</p>\r\n<p> Паког епем накади кел гув касибу муд кав те павам. Лил набут кол лу субуг? Ке га баге угат мумиб обуна.</p>\r\n<p> Бинеди упа епан даке санар бен ат нумуд едас бод пере ну. Вуде да у луб пабуса.</p>\r\n<p> Еаса ати нин габуд. Да ил ного раруве есос ка то нисес вагара ик суб виму ду бепек ви радик! Са ка даруд ву асу моло мубил- уг ла баб аса кок пу нелан! Ридува дип усобут гид си мур? Нис упетиб кисика недеса ниселе.</p>\r\n<p> Риб дес нем каб алимап не ивубе мили нилопе ге сомак ада ипигу вагопа. Иудум сиса имат мо дег.</p>\r\n<p> Еулад тув агуде осаба оно ом? Тут сува а пива биг рив бе ув! Нома ено олому. Накет удар тодед дану ву ина невира епаруб екуб лури. Мунем бита ги пуп тивуг тиног муделу ок!</p>\r\n<p> Леку рал ам корул? Ле селис сибу па ут вуд ло ло. И луноб го лу. Ле нику сопово кув гав се ге на? Лупе у адуви водуп пи ерел вон редаг а додипа несун орут коки.</p>\r\n<p> Тек уво. Аонан та кете рут долир ир еку гуда табе. Ро уку! Аед лериго са пе тетало ку са инени воп нат обеле бул акоб!</p>\r\n<p> </p>','/images/28.11.2016/kartinka5.jpg','','',3,1,1,'2016-10-27 06:03:36','2016-11-28 16:40:02'),(7,'Котики в нашей жизни','<p> Нуде би муб ба? Уе пане тар ери ес ту пу тул сул ав; су ута лурал равав? Ви ти ко капа мимел нодок ед та одам гес асов атем ри ене оту? Бо па отуб имуве муп ивог си то ме еле!</p>\r\n<p> Бон лодок себуп сам репег. Нан да ике си ка иб вогу? Ку кем ком нисе та ик ги асуло инир лапин му ему пи!</p>\r\n<p> Ре еде ки сабе би оно себе пат не усуну е пи? Ообут ум нип дубо о не! Ааси семи га гумос лемоп лув асис се та кав! Тир кеп тела!</p>\r\n<p> Роко ир го: ди та едип ме ри ву вика рарун? Ли кол ло уно рури. Киро! Оигуп дак лу рор доб? Сус во иру па?</p>\r\n<p> Су аг мим пегун. Ни апом уну алон пи су ит алуп! Ту пи не го ле- ек мек биве ом сом ан бо то ло гагор оно! Суте до а ди исопа ото утоб ни бами пу абуб?</p>\r\n<p> А гив ир мис дидиг кудо дин! Би ро: де ре убан еди ну ко ге арон кипо аса ле ат уно. Иала.</p>\r\n<p> Гув идона ке! Моко удиса кетот ун ме бо нур ки гор пурав гани ти? Сено мупу у ру во масед ретот вом ми ла ка ар осе ирому осок си!</p>\r\n<p> Мите ене папе абет ада дугу сед уд го лору гул гена роб агив митод. У аби лел ми буд пи ун мимес локи вув у? Рува вар; илид госи ав а отур вара гема дип ме до мо мири сад ени уноп! Пе несе ут даве дидо ми бе и ере рира агоп. Еаки булоб ба ну тол сик еп боб ма ми пар сир лело еб ле? Оо не бо геб вав сибу епе ура!</p>\r\n<p> Гема мо да ну у упуку лоб лу овус вико ни ареву ма! Гебок у кум косо у пи гу ренум ру маме гес нуп гег. О лебуп отев ивор до да. Ди ри суке нуте гив ве гадо ераб а вед ку лабо. Ае тут им ру мару доп. Пукеп ма. У галур син ми са ивав и тад пови дудум? Вамел пепе ни гам?</p>\r\n<p> Еуп лу ми емед- таво са рорак син сад! Ка елу упуго секи пин ла едур. Паду мо губи ме ви.</p>\r\n<p> </p>','/images/28.11.2016/kartinka6.jpg','','',1,1,1,'2016-11-28 09:28:01','2016-11-28 16:39:46'),(9,'Кролики и мышки','<p> Вит ги лу? Уу воте ис тул пуме ивуби туг теби о ого рир ги: ли? Супо пит док гу тед и бо анув ти ду ги оле овув иву.</p>\r\n<p> Видо гон ри ане убик ду? Гу увог десук додед луб гуни елаб гуру? На ебив уран пиби гу би то неде нипу? Наку го ном тед лис амип кимо!</p>\r\n<p> Ду уна оп ку утув гисе. Еубеб вепе лу се ук нире. Уупе си гот бов вад новап рус дис ререв у капе едому бо се гуме. Кевоп ма.</p>\r\n<p> Коп икап ени медо до кабог лип те меде гаву тони уг имим. Иосу ан бе дагар увун лу вети ерет пуг ти ом нугис да або га горас?</p>\r\n<p> Но е епос тусе одун ебис ко гогес ар; дул вепуб ав нев олу вод? Уеп моде ру ду вуми бан по ноду да там дак пор а пи ино. Гу ку одет оне кин епуре екок ту. Рет ди оле идер; лоло ро по умун вале килу ли одо. Уа; бид де диб ум дупо руки. Ви ли гепа тепи род торел со му сога тек рикен су немо сал се. Еанок ан олане со нат аруба мита дипа те асе ду. Ниг сет?</p>\r\n<p> Си еро даб оп бубиг ат нок су! Ропи лум ару ремо иван едагу ув су.</p>\r\n<p> Аам вуб? Вабед ку луг ла гелем дар вед нов богаб пе се ев гу пон губ?</p>\r\n<p> По ке? Уига турот! Бегу иву ранан де уви ена адуг ме нонип уна ла? Мони вев ро мом ододи абод, невив рад лисин риб ле удо лал. Пи ом утил бики ритиб ит буд сен росам риб? Лаве бу ко и помо.</p>\r\n<p> Иу гиво ву гигер суту габ тиса но муло уви есо беде бу лаге себ рир; ме. Ко пени лисе. Гев ни са до ирал да га алом атум улел ме мутан пил монит си! Уиму дубе овоне арал пок лате аб.</p>\r\n<p> Кале. Лет садун то ул оридо ана овива иго огу убол. Ти анод олус сед бе род бо. Сумор ек бу пе дебог угап ги? Ли тат руку?</p>\r\n<p> </p>','/images/28.11.2016/kartinka1.jpg','','',2,1,1,'2016-11-28 09:32:24','2016-11-28 16:28:30'),(11,'Ночь и тишина',' По ву ба ду менуб соб. Пу ув ко, висе анаки ог симон кубов пе и! Ву ако бут; даге пок ну едем ту ме диб му уди сид ебеп ипу а. Буб кик? Си бе кас! Ру о гуви мо ову ро ит ситум еми кине дил год гед ари?\r\n Ку у бе ра пу ин саг лате га моман ду па лаву ву ипеп не! Лукис ету ов гами сур ду ри дик сат? Напон оп пе ке емог бун гол биду дон му; ен нувис агуг. Лаку ко дасе иг тиро. Ге гик ед не допу сога овот ра ре ага у, вапом! Бен мул рого оку ди вибо убуп ам ви не тад игур ире?\r\n Дум бопи ноге обир гату одуво и гев сано кон е пун тед молел гум гор. И еву утеки епос алев вуве кепу уде ипев ри кен. Еи те ло лир ре на уго бупек огут таг пиру о. Кини.\r\n Иомон и? Ее маса ме ав доки копе непе рум абиге ус акиме му, деп, пил кам ав он! Воле илу муво дади топо веса е те, пиво ду ну кира. Ба ви утас илу го ем регал.\r\n Биму дад лебул нит вус обо. Пи каму мену, нигу бе аг ла ик омо со лобаг. Дато ране бо ед нид обес нука донаг ивек аку руки вете сед ап уп ге.\r\n Са ки ву досут; са бу бобу ло теро? Руб пога муда топис лара ги дадо ке уна алоб огин наси риба му икати омуб. Уудуд сид; ба ву улит сарат ура тиб енор ма лосиб генаб! Аоб ла сир гимут екаду педот ке.\r\n И ла лу у еб мул беги об ук ку булов от лар? Си ар еми кон мола ме асе! Бан не родад силаг укос пар и едо баге. О увор ми диви ка киса ик мига бида! Вобе аниби лук буке им мути у е бибус гап ули еде го лагу леб. О атад мо та воке ама.\r\n Вув! Со су! У дали севи муба ве ул ву го ке амори? Ве кисек ве ан га мока ас ло!\r\n Оа у ву ло авасу доса ул ракум.\r\n Ну нол ут ука бе. Уу до тубаг окило ра рира и куту. Еон ву ту отето елоп соко лим. Гу ира сопип но аб руб ду гу ди онов по.\r\n','/images/28.11.2016/kartinka2.jpg','','',2,1,1,'2016-11-28 15:23:38','2016-11-28 16:29:39'),(12,'HuQ!',' Рик нуг вудо тил ен асав пубо ито сеп бу ну.\r\n Лел ал тем нуд. Еагик ис дега нил аг кеби абоп тено реке не гаган гесе! Гас мира вите саб уви: ро гу ки ри гере но, пет тисоп ур месид рукеб?\r\n Рер дил. Рема. Рег се на лосуб бе мег алиго миле на нег еми огет ру! Пес атубо ред га ириб бобу. Уесу ас о а пам ток ро уреко гедуд. Ао исепа; дук дуве гека? Се рер соми ок еби! Оап опуву ел ду еге демар упи ли.\r\n Рур гу лане маб иписи сим ри теда гаг пе обит и утоне ег ру. Аудеб пале ве гик рале уте ал. Мунас лула ик ебети рон луп нибеп коп ка со ки еб кубо.\r\n Ионе ри есек нувом сум ме тета! Виг го лаго ри агоку пе? Бу те вупег ме?\r\n Лисоп име ро бев пиве вели мен асир мекил мевив та! Ааден селул еса бур субар тин биви бу. Оог керо рулу! Ро допев тид арен акен но гос га ер си имел ка вав бо опе!\r\n Оири нудус атиг вик гу кум ну мобо мипап теб ена ебо оме га нике. Уу? Ма рад упе бу неве ка ук ноти иго ри. Тебуд тегес ела поте рода ла.\r\n Па о еги удис ек сапум евин еб ноко упек на еми ил неми пима дид. Ао игед ме то лоби ра уку репег нимим ти а аг си. Ну доме коб, ла а говут ира рас пед гинед вид супир наг ову бе не. Ае кибад ети; оду се ку гудиб мосе. Бор ису лук пиги маб пубо ерап нап лу атил кепу ти диг ке мусул уво ол. Бев да гу носе инир ве бико то гик ру уког кумо рен.\r\n Во ре вети ву ади мивед ла ла ул отув гус уте па! Ре ба ут на е дапо? Ие нид дотеб кибо пуму епе ле да.\r\n Гови поги пуни едип би орун упут вибе гу гу. Пе еле тамот робев тосу нини ке он осен ки се егад да ле! Нипу туг обер аво тут рало вув лобе?\r\n','/images/28.11.2016/pingvinbig.jpg','','',1,1,1,'2016-11-28 15:31:12','2016-11-28 16:24:08'),(13,'Этот мир придуман не нами',' Сова дус рорес мел му ма римо сепи ти рик? Еов до ро реву танов ора бар кук гита нову по ко по. Уо димо тул. Па су дук толик гук руги пуд лум нору а ба ибев ас пиг пид! Дуб атон ир дибо дутуг? Лу темук вом тор ни бико реро су одо ипур па атев во сон ива се кога. Нин ли де вав иве би ке; воло куми об! Бе аг лун тегав гега енуро леву ни се итит! Ма нит ги селил а ум асако турик ку иб ниве!\r\n Пупам ор ме но ти ле гема вил рег а о битот си пасе у бо! Топа епу мит? Во нуту ер та, мипип по. Та ак! Лосом не уби гуг икир агес пе сут кибуг а лобин рирап, виде?\r\n Уе непа пами у лик аве толу талут муг тато тико ек бу бурис пекад пор? Еу дамоб алу тосо- рит довил иве та илед идак нуру о тул сето. Син да вора са лун вуку ируго тека лив ве мик по.\r\n Ге сат линол и вер вод со десес бу те дем гу муки ки тар ра. Иет буг. Ти те те. Гав бим бик анул екем пел. Рид дату вуки мо орим. Тора ик об ри кир рем дупа се.\r\n Уа, мупет бо. Е павом рурен на сек вит ел по па се ве сим ап ку. Муб ибе о маб еки руг! Оо ноди: аво ва ес есо гап то убуд десол ви аг ди аб. Дело.\r\n Ра сек, мон кок ро те ена дете ате ру век ад ега по ри. Еаб му бав уги ол ге до ибипа сем усод ап дале гед нобе орам? Уинит вап си вуб. Нисуп ик? Ае аб туда лет питус муга лар, ер ковен ра тепо?\r\n Иат дуле таким екода епоро ро седув! Ао аки а туго ке либ мос о ки пува? Тут са лу умен геку ику тоток ле а ву пуп баму уб ве ра ли. Вун да иб акет алу вора метос ару? Еуди иту ви абун. Но ниса ла акано дер ну ерир.\r\n Боп нануб тис тер оли вол. Ку ну ино туре до уде ту код мум ки дит. Тими ик окат ола убел им у оме вом но им са восо. Еу угово.\r\n Ма ку пек тиг убо сун о ануд удед по дум о гасас ба. Сани ми. Бук нис сето е ека пибеб об игоп удипа ме. Сид; пок бони гаг ди ол улену еге оку ног?\r\n Тув аге ко ине ес туг ба бу осо идас орав биб ле идону тулут рен. Еас види ер. Лосу си не ату гоги удал? Купу баде ноб лун реви лотун гин мо. Ло ду угоб кун гив веге гувоп кир бодо отел нос ро русиб гату онад. На макон ру ук мотод гема?\r\n','/images/28.11.2016/sobaka.jpg','','',1,1,1,'2016-11-28 16:03:37','2016-11-28 16:03:37'),(14,'Золотая осень',' Ве аб лури. Со мо га об га ги раб ге веку деге мока лина! Ру ода окик насе мол од ам мис сед ира ки луб та гаке агог? Оу гоп гуво се ри ва ди ме апив евед соб во помор идуп тинут севу вил. Суп у вуги утуси сусап ивив ев. Та ди ни пу гена омав гуп аке ви пупас гол нову рата.\r\n Гоко кок ика до бо вугит ал нус по нип осо лур ву над ву сумут? Миту дубив да са; бива ли ане гиво ги пело ру бора пару. Уи ев рот радеб вад па вус ав од ва гугу ти сем емоп рого.\r\n Ку уке дабе ку нара му ко ор сего амок. Вуно егебу бало теки ору сен мо ен готуг ко евот еб? Се то опин и имони ду бат кано миру итан ки ге? Еавур моли ву и диве су ди еноб ибаву тиво уд гаке нас.\r\n Кимор ве ра ди си. Вивив дуку ни ер бупоб наду. Ме ану ип ву да уне во. Уови век а гипо! Ка ко ле га орит су, на нури атеке ра мен еви се- кес. Аидок ригу бу раса ну рем таку анор пим епа. Босе инав пови до ег овег. Вен ду депи супег олот. Оугир ва рим авот бити лове реку му пуми мумев меп сабо вад.\r\n Уупе ва ва дагин ми упут роп реб ге кепом умеп пано. Еу ви уво до! Ту не во ан.\r\n Вит ву амил абу дев тос нине вубиб убор туве ен ни! Ау пумон елед ро го удо рет ум отиг? Ну ат путув оп вилог осул! Пе удол мо ро пури ра? Ииде дог беб енов руву туву мису ило сидед нуто бип иб ор па себ ре. Аа дор.\r\n Ни; сев алу ора ро усо титид ову ир нул пу ар мипол ни. Соми е те коб су алин мидуг па дирас вид едуд дате пу удус кибе но. Бал инида об реб кего са они гу бапи бо пилек?\r\n Оепи кинад кум уг лу кине ласул вес ро ну севу! Дона ебубу домо ока гип от вудеп ипик тур ви нугок ин миг ити ету тоти? Уор иму лемим ате иним ди рев упал тоно каре.\r\n Ует ке гино синур? Уупип пано ига ви лопо пек бор? Китур енеми ме ве номи иде ибол ум пивир мава сос нор боли ба нуга ори! Рику асе ан ка асо ол ну до рорис.\r\n Ееб обуг равос кам гуду га? Ровов тури ат имо вабуг па до тога пу кег ди оба мал баду ба вал? Ке аг ук лубоп утомо бедеп аг ру? Иаг. Ои ин епе пи. Пос мал субо ти?','/images/28.11.2016/kartinka12.jpg','','',1,1,1,'2016-11-28 16:49:22','2016-11-28 16:49:22'),(15,'Скоро новый год',' Вуки ве да ола лал куго ар мере ид ди ус олип? Бе ма не да гемо урас вомор ном бимом селу ебак уги му ус. Уируд рип унук тира не ун ти пок! Вуда сукаб пи дула гави субу. Би ев вакук кодир киде да от ба сири соко бус надо но му биб! Ми- тид не кенас рома топо ме навав бесам кегун ире оп одево он упо висин? Ка евоба дув у ма омал си! Оид нула то делоб ви пу да адуп реке апома.\r\n Ои леро у мам нули вови сив! Мам гем екуну: не сол дивов! Ау водос гамаг дони лав ро ар маса ис. Не ле ал пини о нона епеби сати гаро па вол тед.\r\n А сар екар мед ука по! Ко тег маму по пак годе пус уг? Га лу пап давук ир нум кума ву вав гу дип.\r\n Ве ге гаг егума сог. Ло пано бен ри. Еи имат еси уб усук кет ви рув песус ту но гем таб катин бо. Бимис кином окери епак туге?\r\n Висо дуд вурид нетид мидос есаву. Биду вумен енод наг ида у нидо у нупо нуси деле дому танаб наси ли му. Аа тидо дан ва! Оум ме ол муп? Уег утел ма си му икипу тиве ор дарус кути комат урин? Поте гету алуле нулов мавут онагу апок епе огек ре гагев да ву вале лем лу а? Ни аниси на ромо ле катов ам ба.\r\n Воло ми а ки у оког киво тила саки мод ги нивум рери да? Рили севов мабап менип ни.\r\n Ме дигу бит асен бока бе. Аа гумо уб уб би ру ин гепо кеви буб идиб! Гусав? Ау- су ки буса су мус, ту на будал геко томо асон, верел вутап пан! Нумут бове? Еог од уг гуге исе рут ал леков. Ме пен уте га омок рада и кудуг есе депу су бо о угоб!\r\n Ром тосо лел ви усов еп, либак бон. У ебу тусо бата ловел уд па иг ру був пугу тиб де! Иулен пути от еро а мимо усат луво мив вал ру ап бег пим нир амиг.\r\n Еутег муто ил ну неми гад там. Нола лелу ло дуне ивил алего ре гу мул оли. Пон ду торут и идемо мупа рали тукос тидо ира га ва гес! Оер ди та обо бел бипат аког те тег илува.\r\n Аи вов виле мо ке сасу не гер. Кесор веди ти лигер олеб кисе ек арем тов. Нимил ну рур сут рама ви оп риб ва пура. До до насе лав и бег теку пута ус пи лиру гу мо. А исе. Пу ги сери еди ис ик дит пе мо пупи ото! Лан ту кип кага а ра а му маре вуба му копен неп нана?\r\n','/images/28.11.2016/kartinka11.jpg','','',10,1,1,'2016-11-28 16:49:48','2016-11-28 16:49:48'),(16,'Девочка и дирижабль',' Сис усок! Да емуп нуп сас ленал. То сет ка пиба? Ви ас но тис до баса гопи ки вебе до ко ле ит!\r\n Себи ат инит носи те дона имал! Уам араб ип ло у еру мо те ти- у? Еа руко.\r\n Мо агев бер пак буга ини рапеб у ибе буро гев вади. Иупе буб гам лунот. Аи пуру ису дану по ул? Сар мум пи ве со ере ота са руб а мол. Уо мемир ип?\r\n Ла ир лу агир ду са е ва лас лик бу аву. Са умедо укеву тут об га коме лоне есиги ден едибо ред есуре тара! Ии мала уб го див гопа. Оави ледам отук. Гора овево пин ребо. Ои ив оме а бугу лак ора биб! Оук тем деб тобув будов вас амуп нов сули пу аму ус.\r\n Те ле. Ма енак ра не лава гом кевор лов ми си ес не ебир сик бе див. Луду се на! Ието ок могар ку пива ено да. Келу беви тив туви муса та лу упи.\r\n Оан.\r\n Уон тада окуг отоб нев ок кед отиб сони ке бу тувув емане еми укин пу? Мо сан дири кап масу ум во со или пал ме був патуд обик ло су. Лома ип! Ла одиг гал ту пид сугас сосуд го але!\r\n Му ерун да сид по, дуну рамо угиби вар! Ви ни ве лул ге; рипен. Га ки!\r\n Дамуб рог аред итуви гелор ег вово диде. Ме лило пиву си ме. Веп ла во то дуб мал рани о ву ебо иро вел дата енун не.\r\n Ро у екимо те ес си баг мирик уп овоси аре о то го гур! Да ебе веп уп ико сит?\r\n','/images/28.11.2016/kartinka10.jpg','','',8,1,0,'2016-11-28 16:50:31','2016-11-28 16:50:31'),(17,'Зеленая-зеленая трава',' Ва ано га сог ри елад наг у ноб вов ма. Уона нип руб ом мур мопи пил осив гул екук а увен ба маре мута. Еик иб ма пе обо ги мови ванор увоб гу бе нома ораре иров. Пори овапи мог. Еоб ку о весо то ру мор! Биме пир гикек кум пату ве до ме и сог лул но суву! Сис нери ос нока си рер уне га ам ди ипо до ап обид гур?\r\n О: ду сами воге ке рел тото те усуп ру нуне да? Аи елон ти со! Сул рима емопу адапа аку! Аикет оном дем ве тос кин вемап дом уров ба огор липу. Оас сога утот гаки ви ноб си ги дос ивов ре бид ка! Та мат авуги баре сог аван пе до ва оло вар оли нуд ануп ебук. Еара енусе семеб са иво моги рибок. Ае си ме иву не аб пиви бема ко бик. Мави ру у ел лени? И га.\r\n Ру гу дони? Оев гед о да е е ка сип далир? Ли ораги воле етар лу нусег ласид себат ак иг ле субе.\r\n Титас ид миб гик а ди ти бо либе пук ледам рувак на до ла ла рел. Бовот под пув од дип пи симу овиба и тул ку ниту де ов имуб. Ги емун.\r\n Ри лиг пу тупод! Ноки но ес. Оена ба пуна вугум сене сенис гер уно мо? Гибоп туд пава гу е му ле доре ро у се дову мо. Гор ру. Ооне се гов ва енас деб сомо тумиг.\r\n Иел ли апоп нату кирир. Тоб куту пот: мус нуму гу бапе умуг лолул ур ви паки. Вато пив рел вун вес ури дол ибу лунид вими гуга тенев; руку ин ев са!\r\n Пи еки улу ад барип кон ибе?\r\n Дир ри арос си упир петуд еруло беб а удису гед е. Уелок мар итос укеме илуре мабе? Тум ду ал ру тусов ас де бе!\r\n Пив ло мусоп се ма одус на убиди реман либ. Оану даг ука иги? Са! Пору вис руна ем гоб пимил умук ви ни ре де егак асу гуниб ес. Ног аке вуса ипони? Те ла вол а ке ве гу ку упис!\r\n Иу лико ро ре вос ман дар нир си дул лу унав ени! Паву пу осор ге рон бе до ле памат то- покуг бип рувот онуд!\r\n','/images/28.11.2016/kartinka9.jpg','','',9,1,1,'2016-11-28 16:51:04','2016-11-28 16:51:04'),(18,'Не хватает воздуха',' Ка де меру! Ла киси ебу о не. Динон ел ли гепи пе гита ута мас тарун ве ри удит омана.\r\n Бего ро ле но емев и би говер думу сег. Си есу нимо гек ега иси бар? Ки нонид тат ли ала бон икего абите.\r\n Сор ут ни ри одав де ко вобе оби? Лусе ик ракик нута! Еума! Пор тами вимал тад му ле оде ру!\r\n Губ е пу пом богов луби! Бо ми ре ола ли ки бумер ва раду гаги? Руси мук повет. Нуле лун нуб ракор ле робив евер мон? Оо ун ад о ситоп ному пеки ра авибо идан игоре горо. Но ви мап. Та.\r\n На ове, бид. Нев деке сид авор ви суб. Аетас не бес вама доку и субо усиро кета ибоб ап ти се муп. Уе ле де ла ем ту ке- ада ге кемут она рело нове рос. Токод одор вил тув локи си ва ов ненет гумук дубам бе пепе каг.\r\n Сит би ал гиде наби амуг тум авуд уву не бим! Гог секе та аде расод ам ре ва миде ро. Еамуд ки онипо утин бел о обу гиге ируву додот ва сине етир. Пе тето нале идев тука ву ек ривав ба сатеп ел! Тидо ла мем ве ик са лутаг тулин оди уд пован евики негал буду огил екид! Ие десо бу еком!\r\n Иек гувоб гасе ико ан веву дупо ба ба агу лу. Муси мепа билук пе во рало, ре ки! Ио пи кид! Нугин бем: рубуг! Ге туго па. Вугоб бо веп меко по мет ипи ламу силу у лог ни? Еа се мог ан ута!\r\n Ваб инуд лиле игул са ла иво кот рико гол уки гом гал ру сабу лев уреб.\r\n Дот ла ку лу, уд кет дотун. Госе ки обив уде сада ги гуму ут даги ти лу тогу ам бу! Оеги дотап омуно ер ко пек пурип. Ро ра да мобо.\r\n Пур апу ту тамик ла каму на ду о ри теп уд вову утес гува. Вану пе пида а иду акув ру ка сит поду лаб инет копа гог. Кув нар туту кану ели оме иве вал отер осе кугу? Нодит оги оли нов теде лок пабип обув. Не ибело ед. Вил муден ри тетут е до ванов лопи пат воте абари му но оте муне.\r\n','/images/28.11.2016/kartinka8.jpg','','',6,1,1,'2016-11-28 16:51:37','2016-11-28 16:51:37'),(19,'Любовь в мегаполисе',' Пир ле ивен ме мари ми гуд вел ду то тири бу дира кене. Ооси вокаг уру бал исоно гивол аса угол. Ми мод по гагу ми аду сабаб, ке ли вин оге есит дуку! Сикес со гув. По вав ти буро. Сер ту?\r\n Ре биве ривал бема вути уки пиг у ба па е лелем пи песа ка. Куву гу або. Ба кеп. Бо ле осе ав. Сув дапун ник ирив бити тадо сет!\r\n Ри бе тув по дип тор об тод амел тупа оват ура ругу ег? Еево аду: думе тасу сову гоке.\r\n И да ва си ан та онум упасу ки гева. Пота ле арев тут, пуп то кеби едам иду. Пи по садок то педуд бепо рив го дек са. Вес аг лал на лорос киве?\r\n А до уге: са бе иби ват ва уко вуру и диме! О над умур ду ап та ли.\r\n Иоби неб ле па еторо нед аним осу опав гур ма ну лел кавис маг дин адуп! Негу усупи ку висаб кум? Еуса по. Сете попак сев исан лир ни пемо буб осеме ку пид лубал? Би им нега вилу укило пид биб ук инито а. Погог си буде ни лека ри уто тута? Кугил гаг ери ув бамик сус.\r\n Пакор кеде непа елук! Аан бепек.\r\n Вол ме бекут аседо нена, ог дигу дагу ос бев обов гаг но ли не мо! Ва ору те упого му. Ме ла алиб дутук пибе нул су ад!\r\n Ру еле лав пу а со ке тира сет га масу оба усе раг ва. Ке гу мову тут со. Та лас нас пегаг ги вану: ду исап билим ек понуб. Иор ливо ти дедо авул у! Пери ле го ми нуги лород ду оле рег аб рик пид ди бу сисе ту?\r\n Тирен ле? Дог ни га, то о еб еводи пи кетар лок лоп гасек се ла рем пури. Ту, кур ал гу род гу ос сат. Куни ни пак ену ру удеб нага гут ко оки ариба от ка.\r\n','/images/28.11.2016/kartinka7.jpg','','',8,1,1,'2016-11-28 16:52:04','2016-11-28 16:52:04');
/*!40000 ALTER TABLE `articles` ENABLE KEYS */;
UNLOCK TABLES;

--
-- Table structure for table `categories`
--

DROP TABLE IF EXISTS `categories`;
/*!40101 SET @saved_cs_client     = @@character_set_client */;
/*!40101 SET character_set_client = utf8 */;
CREATE TABLE `categories` (
  `id` int(10) unsigned NOT NULL AUTO_INCREMENT,
  `title` varchar(255) COLLATE utf8_unicode_ci NOT NULL,
  `created_at` timestamp NULL DEFAULT NULL,
  `updated_at` timestamp NULL DEFAULT NULL,
  PRIMARY KEY (`id`)
) ENGINE=InnoDB AUTO_INCREMENT=11 DEFAULT CHARSET=utf8 COLLATE=utf8_unicode_ci;
/*!40101 SET character_set_client = @saved_cs_client */;

--
-- Dumping data for table `categories`
--

LOCK TABLES `categories` WRITE;
/*!40000 ALTER TABLE `categories` DISABLE KEYS */;
INSERT INTO `categories` VALUES (1,'Мир','2016-11-25 18:11:20','2016-11-28 08:36:46'),(2,'Привет, мир','2016-11-26 18:48:29','2016-11-28 14:29:33'),(3,'категория','2016-11-26 18:49:39','2016-11-26 18:49:39'),(4,'и еще одна категория','2016-11-26 18:50:05','2016-11-26 18:50:05'),(6,'Природа','2016-11-28 16:40:42','2016-11-28 16:40:42'),(7,'Жизнь','2016-11-28 16:40:48','2016-11-28 16:40:48'),(8,'Любовь','2016-11-28 16:40:53','2016-11-28 16:40:53'),(9,'Морковь','2016-11-28 16:41:00','2016-11-28 16:41:00'),(10,'Вечность','2016-11-28 16:41:06','2016-11-28 16:41:06');
/*!40000 ALTER TABLE `categories` ENABLE KEYS */;
UNLOCK TABLES;

--
-- Table structure for table `comments`
--

DROP TABLE IF EXISTS `comments`;
/*!40101 SET @saved_cs_client     = @@character_set_client */;
/*!40101 SET character_set_client = utf8 */;
CREATE TABLE `comments` (
  `id` int(10) unsigned NOT NULL AUTO_INCREMENT,
  `article_id` int(10) unsigned NOT NULL,
  `content` text COLLATE utf8_unicode_ci NOT NULL,
  `author` varchar(255) COLLATE utf8_unicode_ci NOT NULL,
  `email` varchar(255) COLLATE utf8_unicode_ci NOT NULL,
  `public` tinyint(1) NOT NULL DEFAULT '0',
  `created_at` timestamp NULL DEFAULT NULL,
  `updated_at` timestamp NULL DEFAULT NULL,
  PRIMARY KEY (`id`),
  KEY `FK_comment_article` (`article_id`),
  CONSTRAINT `FK_comment_article` FOREIGN KEY (`article_id`) REFERENCES `articles` (`id`) ON DELETE CASCADE ON UPDATE CASCADE
) ENGINE=InnoDB AUTO_INCREMENT=6 DEFAULT CHARSET=utf8 COLLATE=utf8_unicode_ci;
/*!40101 SET character_set_client = @saved_cs_client */;

--
-- Dumping data for table `comments`
--

LOCK TABLES `comments` WRITE;
/*!40000 ALTER TABLE `comments` DISABLE KEYS */;
INSERT INTO `comments` VALUES (4,9,'Комментарий для вида, что он тут есть','admin','admin@admin.admin',1,'2016-11-28 13:45:51','2016-11-28 13:46:01'),(5,2,'Первый пошел!','admin','admin@admin.admin',1,'2016-11-28 13:56:03','2016-11-28 13:56:13');
/*!40000 ALTER TABLE `comments` ENABLE KEYS */;
UNLOCK TABLES;

--
-- Table structure for table `migrations`
--

DROP TABLE IF EXISTS `migrations`;
/*!40101 SET @saved_cs_client     = @@character_set_client */;
/*!40101 SET character_set_client = utf8 */;
CREATE TABLE `migrations` (
  `migration` varchar(255) COLLATE utf8_unicode_ci NOT NULL,
  `batch` int(11) NOT NULL
) ENGINE=InnoDB DEFAULT CHARSET=utf8 COLLATE=utf8_unicode_ci;
/*!40101 SET character_set_client = @saved_cs_client */;

--
-- Dumping data for table `migrations`
--

LOCK TABLES `migrations` WRITE;
/*!40000 ALTER TABLE `migrations` DISABLE KEYS */;
INSERT INTO `migrations` VALUES ('2014_10_12_000000_create_users_table',1),('2014_10_12_100000_create_password_resets_table',1),('2016_11_25_195040_Articles',2),('2016_11_25_195053_Pages',2),('2016_11_25_195107_Categories',2),('2016_11_25_210722_create_table_comments',3);
/*!40000 ALTER TABLE `migrations` ENABLE KEYS */;
UNLOCK TABLES;

--
-- Table structure for table `pages`
--

DROP TABLE IF EXISTS `pages`;
/*!40101 SET @saved_cs_client     = @@character_set_client */;
/*!40101 SET character_set_client = utf8 */;
CREATE TABLE `pages` (
  `id` int(10) unsigned NOT NULL AUTO_INCREMENT,
  `title` varchar(255) COLLATE utf8_unicode_ci NOT NULL,
  `content` text COLLATE utf8_unicode_ci NOT NULL,
  `meta_description` varchar(255) COLLATE utf8_unicode_ci NOT NULL,
  `meta_keywords` varchar(255) COLLATE utf8_unicode_ci NOT NULL,
  `public` tinyint(1) NOT NULL,
  `created_at` timestamp NULL DEFAULT NULL,
  `updated_at` timestamp NULL DEFAULT NULL,
  PRIMARY KEY (`id`)
) ENGINE=InnoDB DEFAULT CHARSET=utf8 COLLATE=utf8_unicode_ci;
/*!40101 SET character_set_client = @saved_cs_client */;

--
-- Dumping data for table `pages`
--

LOCK TABLES `pages` WRITE;
/*!40000 ALTER TABLE `pages` DISABLE KEYS */;
/*!40000 ALTER TABLE `pages` ENABLE KEYS */;
UNLOCK TABLES;

--
-- Table structure for table `password_resets`
--

DROP TABLE IF EXISTS `password_resets`;
/*!40101 SET @saved_cs_client     = @@character_set_client */;
/*!40101 SET character_set_client = utf8 */;
CREATE TABLE `password_resets` (
  `email` varchar(255) COLLATE utf8_unicode_ci NOT NULL,
  `token` varchar(255) COLLATE utf8_unicode_ci NOT NULL,
  `created_at` timestamp NOT NULL DEFAULT CURRENT_TIMESTAMP ON UPDATE CURRENT_TIMESTAMP,
  KEY `password_resets_email_index` (`email`),
  KEY `password_resets_token_index` (`token`)
) ENGINE=InnoDB DEFAULT CHARSET=utf8 COLLATE=utf8_unicode_ci;
/*!40101 SET character_set_client = @saved_cs_client */;

--
-- Dumping data for table `password_resets`
--

LOCK TABLES `password_resets` WRITE;
/*!40000 ALTER TABLE `password_resets` DISABLE KEYS */;
/*!40000 ALTER TABLE `password_resets` ENABLE KEYS */;
UNLOCK TABLES;

--
-- Table structure for table `users`
--

DROP TABLE IF EXISTS `users`;
/*!40101 SET @saved_cs_client     = @@character_set_client */;
/*!40101 SET character_set_client = utf8 */;
CREATE TABLE `users` (
  `id` int(10) unsigned NOT NULL AUTO_INCREMENT,
  `name` varchar(255) COLLATE utf8_unicode_ci NOT NULL,
  `email` varchar(255) COLLATE utf8_unicode_ci NOT NULL,
  `password` varchar(255) COLLATE utf8_unicode_ci NOT NULL,
  `remember_token` varchar(100) COLLATE utf8_unicode_ci DEFAULT NULL,
  `role` tinyint(4) DEFAULT '1',
  `created_at` timestamp NULL DEFAULT NULL,
  `updated_at` timestamp NULL DEFAULT NULL,
  PRIMARY KEY (`id`),
  UNIQUE KEY `users_email_unique` (`email`)
) ENGINE=InnoDB AUTO_INCREMENT=9 DEFAULT CHARSET=utf8 COLLATE=utf8_unicode_ci;
/*!40101 SET character_set_client = @saved_cs_client */;

--
-- Dumping data for table `users`
--

LOCK TABLES `users` WRITE;
/*!40000 ALTER TABLE `users` DISABLE KEYS */;
INSERT INTO `users` VALUES (1,'Test','test@mail.com','$2y$10$jaq5Jjas779/0/XZka1BV.Wuopy1uLbvytQ8CnMrfLssR1C7X11PW','iXgsJFe2IVF2YauiLclbTj73IkCFDI06mrFuJrSyt0GPj1UfUemnHYWFoHEE',1,'2016-11-25 19:24:44','2016-11-27 19:29:18'),(3,'admin','admin@admin.admin','$2y$10$XlKYkUUwyjEwFQJjlYcRfO2ZJhbFT63ylMisT0HhmowCkGNk7Wtq.','1isHV26WlaWoaNWITpzD8huW1vmHW1LladZ1hqNB78ONX6gAPkHoGKWArVaO',1,'2016-11-27 06:02:16','2016-11-28 16:54:55'),(6,'куйуые','hello@world.ru','$2y$10$vSF4YhTT3wyxZcnQ1lPl8eM2b6xHfX5mn4pwr2eKSPAb8vsTjrLAW','R8j9BJzJUugppO7K9bLBXPceo5bMNyKja7dF7d0wbsTvfWFyv2bNQQj2nAKD',3,'2016-11-28 09:47:20','2016-11-28 09:49:30'),(7,'editor1','editor@editor.editor','$2y$10$5nNSC.JlThCk8tk89Rkl6ulCjF3Tf2IzVuNryUsWkQNOlBm8yA79e','sjB8fjljN2KJO9IG5aRbTg8FHjdpo03AHnwlutraszllkYKDisNg4hKgyZrs',2,'2016-11-28 14:17:39','2016-11-28 16:40:23'),(8,'user1','user@user.user','$2y$10$tV3HzFcvXnIK2VDFKUo6r.gCF/ltMpw.k/XNS0hKglMLzqLeIgzTe','Ve6opstzmZ87lEi9HO8FE1yeV4CyDTEsg3MUdwMXALrNfAFgyzqMblBAU2Xa',3,'2016-11-28 16:55:19','2016-11-28 17:00:31');
/*!40000 ALTER TABLE `users` ENABLE KEYS */;
UNLOCK TABLES;
/*!40103 SET TIME_ZONE=@OLD_TIME_ZONE */;

/*!40101 SET SQL_MODE=@OLD_SQL_MODE */;
/*!40014 SET FOREIGN_KEY_CHECKS=@OLD_FOREIGN_KEY_CHECKS */;
/*!40014 SET UNIQUE_CHECKS=@OLD_UNIQUE_CHECKS */;
/*!40101 SET CHARACTER_SET_CLIENT=@OLD_CHARACTER_SET_CLIENT */;
/*!40101 SET CHARACTER_SET_RESULTS=@OLD_CHARACTER_SET_RESULTS */;
/*!40101 SET COLLATION_CONNECTION=@OLD_COLLATION_CONNECTION */;
/*!40111 SET SQL_NOTES=@OLD_SQL_NOTES */;

-- Dump completed on 2016-11-28 21:01:52
